"famid","id","y1","y2","y3","x0","x1","x2","x3"
1,0,NA,3.74546575414023,9.24909957559787,0.381338849998677,0.73,-1.29,0.74
2,0,1.58149256559956,5.63670527495286,6.87118366449516,-0.451476163568187,-0.17,2,0.74
3,0,1.75533143357477,3.71828773853715,6.15713072308569,0.923137248804857,0.26,0.02,2.01
4,0,2.22021669806377,7.42859168762707,3.73695950275125,-0.0503388945299071,-1.34,0,-0.38
5,0,6.3219748013546,3.91603416404201,4.69161916057895,1.94337964591697,1.83,0.57,-0.72
6,0,4.92413909207548,4.66023127294617,4.79210699966864,-1.23459307567577,1.95,-0.11,1.18
7,0,4.82320923536495,8.15633949484535,8.20723521448547,0.354426959897326,-0.16,1.39,0.36
8,0,3.68863238451914,2.7824159536919,3.78821454996574,-1.05264194664881,0.3,-1.74,0.52
9,0,2.30989489547608,3.29871506304381,6.4771843659953,0.637058579327228,-0.43,-1.14,0.75
10,0,1.68937642319168,NA,6.65197944271859,-1.24426991468187,-1.69,-1.05,-1.27
11,0,8.03636354673522,6.83481907260767,9.90125976379357,-0.274364728911511,-0.76,-2.5,2.26
12,0,1.42366861096301,6.9027471491919,7.38727557791934,1.07752490543505,0.21,2.47,-0.47
13,0,7.77878042118641,3.31808773883113,9.25695388667859,0.219231648663462,1.03,-0.52,1.49
14,0,5.20533897533812,6.44954368675095,5.06910019489264,0.958225368297441,1.72,1.31,-0.67
15,0,1.98072856036202,3.28276650644797,3.13919087425319,0.253716605432967,-1.98,0.61,-0.08
16,0,4.01031550162445,6.43407506340676,4.45309853243559,0.247208792449318,-0.96,-0.4,-1.45
17,0,1.81279677858234,4.72566382072572,1.97934168541498,0.454067499234392,0.67,0.37,-0.95
18,0,3.93567958272997,4.68019711358088,6.57948534573137,0.275213631151298,-1.22,-1.51,0.57
19,0,5.59417595633391,4.71720254901758,6.56394962699388,-0.354216125504523,-0.2,-1.08,-0.32
20,0,5.89599460816719,5.00276578655113,6.37877606063971,0.549330025194326,1.82,1.33,-0.71
21,0,3.64461455061965,4.63750518230171,6.55736113696766,1.02066832624141,-0.43,-0.47,0.04
22,0,5.38626130225108,7.21200163248804,8.17799804210395,-0.715064588217289,1.54,1.62,-0.33
23,0,4.08934749133834,3.05068910549287,7.49188980909738,-0.783143823229359,-0.27,-0.01,0.14
24,0,3.60156960227346,7.071532368555,9.44377009194198,0.15229309607189,-0.39,-1.75,1.76
25,0,3.00028097882034,5.77635410065233,4.97762153638906,0.204548005989649,-0.36,0.87,0.47
26,0,3.80329066483372,5.77147547982978,5.1968435688098,0.970946454118378,-0.5,-0.1,-0.5
27,0,5.09652402760439,6.10884909560993,7.06657179277857,-1.10681759468251,1.11,2.23,-1.19
28,0,2.55290748080539,2.09559816665241,3.98621807969102,-0.958706522076715,-0.44,-1.01,-0.54
29,0,5.99420267175413,6.45797069562374,7.52257138666584,1.37784893607372,0.01,1.18,-0.71
30,0,0.430665337199259,4.95112139522866,7.54534259464808,-1.57625564269573,-1.52,-0.47,-0.46
31,0,3.06874496512038,5.94552830186373,6.23241463526305,1.08333560993147,-0.21,-2.84,-0.77
32,0,3.25454441962804,4.84848996575941,9.08151438891834,1.0813521740923,-0.77,-0.63,0.63
33,0,7.62646804377338,5.12327220638609,8.5691681937303,-0.852658094673889,0.44,-0.11,0.31
34,0,5.16401942932363,10.9394095114385,5.88188582336176,0.455251918623846,1.95,1.47,-0.89
35,0,5.37828274921678,1.31941181410557,5.6824080316019,0.25896661883606,1.36,-0.99,-0.89
36,0,0.533860161723506,4.59889767134544,3.77795779125787,1.02345031378434,-0.73,0.58,-0.19
37,0,4.18243135137173,2.68161773250342,7.82829725269102,0.266396453125577,0,-0.73,0.62
38,0,0.790527910430693,6.06285988331185,8.32846158115023,0.439753412251817,-1.85,-1.64,-0.31
39,0,5.38391793861693,4.89707481200309,5.35019336443025,0.0687398367455483,1.19,0.68,-0.63
40,0,2.56183388405069,5.95462057901894,5.46816425637146,-0.701948069719031,1.09,0.46,0.25
41,0,5.46164411950366,4.20275498744307,8.16233502553647,0.315992362929818,1.15,0.57,0.97
42,0,2.50832405302868,4.06365126788064,6.22991116994321,-0.446774832473878,-1.28,-0.45,0.14
43,0,1.59696772275747,4.485409292806,3.77835217474907,1.15924108144192,-0.84,-0.69,0.58
44,0,2.53973967583888,3.87507002717287,8.68418272247668,-0.313336118413582,-1.91,-0.92,2.1
45,0,2.85474555013151,6.70099601929127,7.30868292150357,0.0924209735014234,-0.93,0.08,0.13
46,0,5.13794098487121,7.41129860161143,5.00030588428053,0.440298969919273,0.98,0.4,0.06
47,0,5.83409774643939,5.62046037025401,2.6560205501913,-1.2588046940771,1.09,1.59,-0.78
48,0,4.22935808145383,2.07144854796019,6.90583581490654,-0.0242103982709168,1.29,-0.06,0.16
49,0,3.26027578082637,6.24337056461801,6.62668753263372,-0.0192992632182434,-1.14,-0.89,-0.52
50,0,1.03659655552108,4.5102487273084,1.01731982568147,0.916452754123026,-0.27,-0.75,-0.9
51,0,4.88504174294354,2.61449603503219,3.73858296627757,0.897589105587816,1.66,0.56,-0.56
52,0,6.30106998140913,8.26827155856767,7.23766750669074,-1.02670245923933,1.42,2.27,0.61
53,0,6.83325877596931,5.54915062105229,6.10761011819917,0.32088803621734,1.3,0.02,2.01
54,0,5.13544302010838,3.5112012720689,7.46870319539458,-1.72173832892169,0.35,-1.14,-0.24
55,0,3.00360354633138,6.98610784568041,8.57314342712767,1.15957971472945,-0.11,0.48,0.17
56,0,3.49341407428384,4.29908398622097,7.23929471744281,-0.454813700423341,-1.17,-2.08,-1.41
57,0,0.78906895313423,0.653811964730454,5.14570843803007,0.764519944766814,-1.79,0.28,-0.3
58,0,2.81365018511619,6.38393876494703,3.7688044207601,-0.620791446082491,-0.47,1.66,-0.45
59,0,6.45233095132517,3.28994257999075,4.67487402427914,-0.0256276027717799,0.02,-0.86,0.4
60,0,2.90507661029248,3.21872940043971,3.57079797872492,1.0919311610748,-0.12,-0.23,-0.34
61,0,3.1633486853499,4.87588614751421,8.3943738213674,0.993657121478431,-0.02,-0.58,0.19
62,0,4.05128045448327,4.25172121485627,5.10198919905093,-0.119870613969084,1.01,0.6,0.85
63,0,2.88816163498863,2.90846559904128,6.11924998266313,1.92167919905039,-0.58,0.11,-0.05
64,0,4.36533564444384,4.98372101131547,4.16689152362612,0.533927385129508,0.72,-1.05,-0.09
65,0,5.30941605885053,7.59070720878322,3.84606496902291,-0.16370214465448,0.14,1.63,0.06
66,0,3.0154009054054,4.47227537273918,11.5364506205131,2.17528797946633,-1.49,-0.91,1.55
67,0,0.691761350375987,4.3578912290588,3.86908503411898,-0.363706546615508,-1.2,0.11,-0.88
68,0,5.20670846473354,6.63338529819554,9.74828913267206,-0.652279093950335,1.34,0.87,2.19
69,0,6.32988500293683,0.349860754000465,5.55157713146452,-1.52369000986497,-0.4,-2.73,0.69
70,0,1.93166499247378,5.43312989540087,7.09207011233907,-0.194347971501628,-0.52,-0.12,1.61
71,0,7.11574673032464,4.75906677628362,7.04540259240199,-0.38201215454979,1.99,-1.12,0.4
72,0,0.0600997382207624,3.22199303386861,7.15503482667535,-0.606595662312854,-1,0.26,-0.15
73,0,8.13919008878551,3.97321154179891,5.56417719690138,-0.173861242318929,1.22,-1.2,0.85
74,0,0.515904198484411,3.95420993573404,2.85724948284613,-0.391502453500168,-1.53,0.32,-0.65
75,0,5.19921881051401,3.4942869502385,10.0213009744172,-1.00963286420073,0.82,0.65,1.38
76,0,5.14264455423221,3.71326040468292,5.69449181723249,0.463684493712632,-0.95,-0.29,1.08
77,0,0.178756523060299,5.60174893594286,7.72270975729847,-0.473549195821692,-4.16,-0.04,1.02
78,0,3.9656252207758,1.67703613096047,6.38785430227716,-0.157349479052066,-0.14,1.04,-0.55
79,0,2.49950379150815,6.78070054859991,9.37403309734539,1.35420300590896,-1.15,-0.07,1.92
80,0,4.31021370213056,7.06383947614956,5.00899935821567,2.04142043102552,0.62,1.5,-1.41
81,0,3.03030851641057,2.45077719467157,4.2181811707383,-0.370261626102982,-0.05,-2.67,-0.53
82,0,1.04202805169104,3.89333132770663,4.19633941552709,0.419443907945311,-0.65,0.99,0.26
83,0,4.86235161033387,3.3607801417814,7.28321044148654,-1.59581378182243,0.43,-1.07,0.62
84,0,-0.0881562352419591,5.79292807569035,6.79252759440403,-0.539657267829853,-3.27,0.75,0.26
85,0,6.72586557081908,6.56284133565236,7.39373483007028,-2.68502473624589,0.2,-0.53,-0.58
86,0,6.80621079493752,5.09098181069365,7.91793282201705,0.613777315882684,-0.31,1.19,1.41
87,0,8.03152638998267,2.14070505475968,5.85340441542089,-0.309931002928921,2.35,-0.51,0.93
88,0,2.08234771984093,5.1245908359034,3.2572206136089,-3.14285528803481,-1.01,-0.17,-1.07
89,0,7.43146452775294,5.07633304503589,5.39717243412728,-0.365786582213359,1.75,-0.18,0.33
90,0,2.48871773336926,3.65487068686855,4.66504517059937,0.325951365711108,-1.63,0.03,-0.9
91,0,3.09912931309723,5.6085866111889,4.05036845070258,-1.68283451930191,0.58,-0.04,0.35
92,0,7.87132537302912,5.45197155475151,6.20205130059993,-1.72262371995242,1.41,-0.57,-0.49
93,0,1.59619073051958,3.04087845311958,6.96084169285696,0.459978995191774,-1.49,0.38,-0.72
94,0,4.85273282029893,4.14533792679785,7.44231934122187,1.11123940114234,-0.03,0.54,1.07
95,0,5.66791766531998,9.36511382062748,6.90866848848997,-1.85710190280131,-0.44,1.36,1.1
96,0,4.89073499489918,9.33488213880667,6.91926355842008,-1.03853895991379,-1.32,0.26,0.1
97,0,6.33916902350898,3.63536705791574,6.13858864776167,1.64302885778567,1.37,-0.15,-0.22
98,0,3.94098672658438,3.86583409572434,7.3701227936227,0.48553521378932,-1.16,0.09,0.05
99,0,3.82467826625825,3.63284187168228,6.79369035390429,-0.2162256691432,0,1.1,-0.26
100,0,6.08729952209209,4.36572619679894,NA,0.24009106215106,0.41,-1.09,0.93
101,0,5.99055545250715,4.05302744263979,6.12147050587537,-1.02938572075154,-0.02,0.74,0.34
102,0,5.77910493718695,3.24792496070066,6.56598594995715,1.96480853904754,0.42,-0.2,1.04
103,0,6.33743641161,7.47598103538641,7.2434372714497,-0.921665915793947,-1.26,-1.57,0.41
104,0,5.30242852583859,3.31922108299803,4.15110727677371,-0.371364656280918,-0.41,-0.03,-0.29
105,0,6.4941809931064,3.04029985102379,1.67217212278168,0.449277617041948,-0.43,0.19,-1.82
106,0,6.00179824183772,7.39366136192747,11.5444586929311,1.60276761137527,-0.1,1.41,1.97
107,0,5.05382071581204,4.95665047906469,6.89734421209129,0.335925755523083,1.23,0.98,0.31
108,0,4.40985859606672,6.04444713880186,5.31222502003097,-1.51504245657933,0.45,-0.13,0.52
109,0,2.93497247870242,5.54037089883116,4.78893009715652,-1.1711348778649,-0.32,-0.04,0.08
110,0,3.51298532524178,7.57332471198947,3.9829861788392,0.796199074094864,0.43,2.13,-0.8
111,0,3.23834522912826,4.36941589895123,4.01344901910334,0.410942567281541,0.14,1.29,-0.33
112,0,4.92787738886255,4.93649767894061,6.62456052986935,-1.34138561410408,1.31,-1.08,-0.06
113,0,0.273416479200795,0.942413752347986,3.4048662808392,0.407628377429457,-0.95,-1.72,-0.92
114,0,7.74095019371945,3.53371758790013,7.85759474117787,-0.691808290207287,1,-1.4,-0.39
115,0,5.56742140154535,5.08447700070021,9.09974047772615,-0.923431529478217,1,-0.43,1.04
116,0,6.47340005604472,4.2311058129615,8.13248952515496,-0.697170257063231,-0.05,0.05,0.5
117,0,2.57265469576378,3.67529960476396,7.88446458761607,-1.27644941519993,-0.16,-0.84,0.17
118,0,4.57892914387613,4.68676628446505,5.2225994686403,0.298822154094552,-0.37,-0.73,1.09
119,0,0.00641306007998921,4.00344141895177,2.0571253194074,1.00359208003979,-0.86,-0.71,-1.98
120,0,5.29230390670788,7.37779677223267,7.95248429488047,0.503535374123858,0.34,0.82,0.46
121,0,8.69783351902204,5.69832523543196,6.69091281967204,-1.5627743348688,0.86,-0.26,0.2
122,0,3.29084342912256,2.49265173671443,7.66277435022825,0.289671952336053,-1.84,-0.05,0.49
123,0,1.70253329628468,5.96138919664977,3.12173154878351,1.24795225433274,-0.4,-0.78,-0.84
124,0,0.306334516624604,3.30002812336616,4.15245941607762,0.226340235679163,-0.76,0.69,0.03
125,0,2.72435039070666,6.3773423349499,6.10724485020816,-1.44662869381446,0.01,0.46,0.62
126,0,1.85390853497264,7.02709353737615,2.88215245948491,0.0918025874540593,-2.3,1.34,0.39
127,0,3.84507214544107,5.37199941887698,5.31030343551905,-0.525396957820138,-0.76,1.24,-0.66
128,0,4.05970218164492,6.70548474850579,6.13555546337424,-0.153190358896146,1.24,1.8,0.57
129,0,6.30601819558629,7.5862141698805,9.58410446526642,-0.151777861958932,2.55,0.73,0.45
130,0,4.52557763723718,5.22574541589442,9.7258246183035,0.70444134983046,-0.17,-0.44,1.72
131,0,3.65356388978396,6.18253691554104,9.22323445312393,-0.0966326747551841,-0.07,-0.7,0.38
132,0,2.11962922369017,5.07699164006115,3.30410454469804,0.163611475513442,-0.42,0.56,-0.64
133,0,2.63590792540432,6.81787182802008,5.62293558468927,-0.144695358643739,-0.93,-0.2,0.02
134,0,3.8505233117896,1.77996745178488,2.92277205246641,1.26923985372318,1.87,-1.28,0.4
135,0,6.6745482136961,2.66134696321692,7.33819682783759,-2.18186587252167,0.02,-1.2,1.14
136,0,1.35015154402476,4.45694403205001,4.45040097226805,-0.34227876567714,-2.36,0.32,-1.38
137,0,3.3579883930701,4.71136024202939,6.4627497919497,-0.531373895862793,1.12,-0.88,-1.72
138,0,3.6982622873173,4.13895230454235,4.11316150780755,0.554916850091276,-2.16,0.08,-1.45
139,0,3.64023727081973,7.40543764440533,6.44737785064708,-0.476807100845249,-1.27,0.43,-0.02
140,0,9.76687062772845,8.35771967401268,7.86348951443479,0.224701804090302,0.59,1.44,-0.24
141,0,4.0079079914958,8.40941387774405,5.84078179308545,0.0451213119524416,0.11,2.81,0.71
142,0,5.42798863440174,6.24683672233609,7.5575316224957,0.534004564360978,0.56,0.63,0.12
143,0,8.10813497264242,5.13145895524433,7.03694230295575,0.106805273661407,1.33,0.64,-1.25
144,0,7.77941809555644,5.09687841423602,8.64394796171903,0.143537429999785,-0.58,0.97,0.83
145,0,1.61853387681921,3.39044369641515,6.7574488866465,1.23614745629273,0.74,0.03,-0.17
146,0,3.74439258257925,5.7500982366451,5.79184783848618,-1.07720036422291,-0.1,-1.84,-0.78
147,0,3.55716416809421,2.47589869543382,7.51726494817935,0.680424276881353,0.69,-1.16,1.46
148,0,2.42635720337057,7.91940719781877,4.94428470432665,-0.38306822032709,-0.56,-0.6,0.24
149,0,3.54740620024549,5.44414897761355,5.84427197386396,-1.32522605668445,-0.41,1.09,-0.83
150,0,5.64899926855337,7.95018397189449,7.0340561119093,-1.07424863810648,1.23,0.18,-0.93
151,0,7.43047965628433,3.54869544994055,7.12703347229664,-0.966821395969252,0.39,-1,-0.33
152,0,4.26480045162662,10.0483221370102,6.64900523586349,1.04441106616383,-0.17,1.31,-0.39
153,0,7.0148745654821,3.2779845199169,6.16051656963193,0.313750049578528,0.57,-0.58,-0.08
154,0,4.1454486814561,5.65683296512888,6.97565968109358,0.27931517873268,0.21,0.24,1.86
155,0,3.75984661791692,1.61399475429237,3.81490205989482,-0.0350879213563641,0.46,-0.24,-1.91
156,0,3.30063525174167,6.0307957239206,8.55292685186595,0.647033997264993,-0.87,-0.08,-0.18
157,0,2.10266210755327,4.36149034861746,4.77887997867411,-0.749651231188252,0.72,-0.46,1.41
158,0,4.52971898431003,7.15048327809598,8.57314161309317,0.369699701119815,0.16,1.12,1.13
159,0,7.42198059249664,9.29644252713576,6.83935393663318,-0.851167385810223,0.94,0.35,0.44
160,0,5.12908665935578,4.400742621209,4.84010211256358,0.311700642533669,0.06,-1.97,0.5
161,0,2.07970738729281,7.00532805211738,5.5784629615649,-1.61917541633364,-0.36,-0.41,-0.55
162,0,6.82492780054665,2.77322321880956,4.97853543742094,-2.26539409994716,1.93,-0.92,-0.37
163,0,9.07218027899842,8.15012310668329,6.75104732736925,0.239535298732716,1.08,0.29,-1.98
164,0,3.54055813453423,4.81030127545995,6.70617213138131,1.20419076252879,0.47,0.84,-0.36
165,0,3.9984497362562,5.98196536374777,10.690960251483,-0.0316283818428995,-0.94,-0.39,0.49
166,0,6.16205909902168,6.23577565131156,6.6270409027421,-1.72363960402419,1.12,0.78,0.01
167,0,0.454722153551563,4.72378512301529,3.98730856743377,0.775734020050687,0.58,1.7,-0.25
168,0,1.57622327540671,3.64849845279298,4.13534161892572,1.63501315068401,0.07,-0.24,0.18
169,0,1.32208801736014,7.05794751228381,6.52911631400279,-0.787775951824801,-0.55,0.26,-0.53
170,0,3.84192659535192,3.65543454631928,6.98747715574049,1.68554345769869,-0.41,0.98,0.76
171,0,3.73413869678398,5.09024230450975,6.77943246259197,-0.73584757652603,-0.47,1.58,0.55
172,0,7.76464146897161,3.46545821860585,6.19198477961034,-0.0946140637635079,2.4,-0.63,0.78
173,0,1.24517456540026,7.44718413624528,8.61428514431164,-0.644110310478411,-1.64,-0.74,0.06
174,0,7.86650861831695,7.3879726957695,10.1787917702928,-0.623715434384951,1.91,0.64,2.17
175,0,0.386516224607624,6.1014310725532,8.21770308216861,0.0833550562957552,-2.36,0.52,0.57
176,0,2.23683886566421,5.07080539644508,7.54003644202158,2.44373954527437,0.01,-0.38,1.51
177,0,5.32376807437523,2.99271295755751,3.50620165104882,1.38227630515369,1.86,0.95,-0.34
178,0,5.16446848902562,7.79760839174805,5.93457599620682,-0.413747547937364,0.19,1.34,1.63
179,0,2.46103822202039,6.62984388234691,6.67540767891209,-0.708756845845298,-2.2,0.25,1.07
180,0,6.58440637569592,3.0433997395504,5.81122347680468,-1.45452392486964,0.79,-1.58,-0.68
181,0,4.90070322744398,5.48236091517479,7.56296947451064,0.512770661677708,-0.54,0.26,1.13
182,0,5.03346472248444,4.74662771261699,6.14955563508182,0.754508113476105,-1.08,-1.46,-0.46
183,0,1.45856716428364,1.9162500016098,8.3714076029699,1.37590553710066,-1.1,0.73,0.98
184,0,5.59570320781818,6.32352801605656,6.4257109143833,-0.0788066405185022,0.37,0.76,-0.11
185,0,5.27051386466013,7.75749425261893,8.62851161000478,0.490024949374191,-1.04,0.64,1.14
186,0,4.27205312584504,6.37762652817312,6.95035657295888,-0.478067147984036,-0.48,-0.49,-1.04
187,0,4.83482141115935,4.14814281882011,4.45144102724341,-1.99898342853496,0.57,-0.59,-0.36
188,0,4.31070842916194,3.76244623315876,8.19780294839552,-0.422772109904112,0.98,-0.75,-1.16
189,0,3.18340437545116,6.1020161578271,8.58162494931361,-1.08049818020437,-1.59,-0.91,-0.18
190,0,2.01860851114922,4.28139160136413,3.14161698591783,-0.809526491647307,-0.73,1.33,-0.05
191,0,3.82656211427622,7.4106705560884,6.17142212393709,-0.590524371013158,-0.78,-0.03,0.23
192,0,4.54778839153252,6.42080819883758,4.37795701394964,-0.155985359468043,0.52,-0.64,-0.56
193,0,0.896032738463907,2.89253913876641,2.93744386216913,0.680870632374916,-1.52,1.26,-1.27
194,0,2.539506878444,3.09113879449014,4.83409492803597,0.230460123072773,-0.55,0.2,-0.45
195,0,6.76277866938231,10.5922090845397,1.14867495911141,-0.833072027186635,0.5,0.57,-2.1
196,0,5.47988585686035,4.47465097595751,5.35888072708655,-0.389552737725856,-0.54,0.06,-1.03
197,0,4.20959035406495,7.30192854819571,8.7116899322092,-1.06443329932582,-0.96,-0.45,0
198,0,2.81530424438166,5.97016495400458,3.44959164420051,0.919920242270292,-0.11,1.02,0.21
199,0,4.64116236637044,5.35444323291607,7.43119141244288,-0.906344734187136,-0.56,1.44,0.11
200,0,6.51387538912269,-0.699592656590432,6.93525801101801,0.893128313142325,2.3,-0.51,0.2
201,0,7.60900932686013,5.9639221202583,7.1210218564693,0.392133306962889,0.67,-0.06,1.2
202,0,1.76021633528321,2.54844417137932,6.94614863522157,1.47232498844718,-0.9,-0.88,2.51
203,0,5.00115026966996,5.45129532287081,7.12352812138711,-0.0199606164253631,-0.28,-1.44,0.09
204,0,4.42937949756977,5.49018361448847,8.30809389365128,0.776474829671181,-0.46,-0.25,1.29
205,0,3.90874952351676,4.3296817739355,9.90748661624508,-0.745363852627161,0.33,-0.65,0.7
206,0,1.23348802510707,5.47594230672593,6.19334538961433,-0.905767661085437,-1.09,1.52,0.49
207,0,6.76858062340252,6.24791357246933,9.60952633333837,0.574209317365285,0.21,-0.61,0.6
208,0,1.01059769073149,4.25379971275554,5.24983931349226,-0.562177898647504,-0.12,-0.18,-1.8
209,0,6.78696825991077,3.5224441688109,5.02216194508929,1.05575000432803,1.56,-0.38,-1.43
210,0,6.47746685497767,4.12581331126728,8.52953057642696,-0.735679636749253,1.89,0.24,-0.49
211,0,6.22184514470831,1.67294458876861,5.30305709119485,1.25340184991583,0.12,0.04,0.95
212,0,4.86470991128472,4.40602407135869,5.09173852259899,-0.200601101769492,-0.42,-0.63,-0.7
213,0,6.28214468457721,3.64832451940456,5.45258480267602,-1.44935019437928,0.57,-1.85,-0.79
214,0,-0.358066708940318,7.63862586414554,2.66492439892417,2.53122093423205,-1.06,0.42,-1.02
215,0,2.37942083688034,4.018703684661,3.57924696444979,1.40562505808077,-0.75,-0.08,-0.17
216,0,4.06404669988633,5.91186732493637,11.3822321887062,0.270100045351129,-0.99,0.73,0.29
217,0,2.47835750890965,5.14844307287786,7.93415908034612,-0.100227068085934,0.48,0.05,1.35
218,0,4.92632359712535,6.46948481819802,3.91086386907443,0.991887600753766,0.38,1.86,0.5
219,0,4.24658364262421,6.11028758943753,8.63691930777471,-1.49115079894114,-0.92,-0.02,0.53
220,0,2.75332233288448,4.70940654935197,6.52665470350449,2.73400747078964,0.61,-0.5,-0.91
221,0,4.4486409182458,3.14938373709612,4.88391453289423,0.254874153100922,1.4,0.38,1.59
222,0,1.08951180067524,5.14437239027905,5.80895920618991,0.78589044285522,0.1,1.08,-0.64
223,0,3.61116139859087,3.36238261586698,6.69936646823175,0.173868564887572,1,-1.5,0.18
224,0,7.06041417809347,7.44173366183045,3.1331148018028,-1.07950790419671,1.32,1.33,-0.82
225,0,3.27743225630233,4.86116704603349,3.59370268159728,-0.940928851997672,-0.71,-1.05,-1.89
226,0,0.656563683466076,5.63516131474731,6.11738403162417,0.169281634263335,0.06,-0.04,0.36
227,0,5.37074234666215,4.12102437464991,8.14845985222596,0.141927491103313,0.44,0.03,1.07
228,0,7.89336257496845,1.91818805050733,5.93126404267108,1.14706855990619,0.61,-0.92,-1.41
229,0,5.14229012284327,5.03452467237424,8.26118856951456,-0.387420586733574,-0.33,-0.02,0.25
230,0,2.18373421629154,2.57394049437008,6.19230545989633,-1.04178682212181,-1.38,0.97,-0.6
231,0,5.54349842939562,4.14130840715942,7.7636432409776,0.641481316443367,-1.3,-1.64,-0.22
232,0,-0.941164165416039,1.66018543618442,5.3564871951905,0.836809431666226,0.19,-0.25,0.51
233,0,4.92027937394635,7.60647393188498,8.7254678013726,0.797732325017023,1.31,0.98,0.24
234,0,3.84783005222029,3.7814297735017,8.17458456571666,1.59797973956699,1.14,0.39,1.88
235,0,7.72688567818838,5.89365710927628,6.67330702938595,-1.25366673974672,0.5,-0.07,-0.38
236,0,3.99453310754174,4.80102179411945,6.75015100848602,1.53622972229383,-0.05,-1.47,-1.08
237,0,1.75010087917286,3.55360581111686,6.84213411631309,0.328429902826708,-0.13,-0.71,0.66
238,0,4.49163569658724,7.08901033373702,5.04773152962243,-0.359194917001741,0.32,1.62,0.35
239,0,6.18790329314348,7.10782250319251,6.65951776374157,1.70059026927371,-0.41,0.54,0.47
240,0,3.8012672013528,7.53872937865972,4.90920240412579,0.0193202241895042,0.2,-0.79,0.21
241,0,7.66414240820722,7.54278604940318,6.44161953660037,-1.48137485847273,0.08,2.2,0.56
242,0,5.95112507443203,5.91909728292832,8.10782588995666,0.420885738162607,0.2,-1.36,1.31
243,0,1.80673849215489,1.54829831097595,0.470809166344391,-0.479101392533351,-1.12,-0.63,-2.09
244,0,-0.406766909369146,2.11318148570882,5.88999806134726,-0.381536330774968,-2.19,0.01,1.96
245,0,4.35461602544323,7.57049028646302,6.27946495488798,1.97246398385704,-1,1.36,-0.15
246,0,4.73123877221366,4.9025666266895,8.84723053931161,1.19097195192249,0.17,-0.98,0.35
247,0,6.37868409082623,5.70663621481037,5.85218607506482,0.79481727256002,0.44,0.56,0.84
248,0,3.09620835340326,3.66468669208984,7.62183072551608,-3.29780900933507,-0.89,-0.93,1.41
249,0,4.58635176710827,7.68733001449437,7.59801888863247,1.44434903105029,-0.89,-0.72,-0.17
250,0,7.80443504732747,4.36883810743043,8.70346665770531,-0.805371036536518,-0.09,0.86,0.78
251,0,4.65632927528849,8.58559527486483,7.23829249030704,-0.133981760422164,0.89,2.04,1.44
252,0,2.20099208238921,3.96605129691201,7.12059507647138,-0.549420771685163,-1.25,-0.46,0.35
253,0,-0.468139918734581,4.75332750671855,3.73879071897146,-0.0908307637097473,-2.48,-1.17,0.94
254,0,2.50626965494898,2.25386012425751,3.63050567929385,1.07330944148541,-0.13,-1.08,0.64
255,0,6.41784981790802,5.86128835846991,9.08617750630783,1.90580633287898,0.64,0.72,1.84
256,0,5.16485878818364,8.07728042064329,7.23678317072191,-1.48466776859898,-0.95,0.23,-0.61
257,0,2.24212339643869,2.49794398394309,3.70931662383628,1.15729883529779,-0.5,-1.63,-1.37
258,0,4.37317321000584,4.60112465044534,4.93876633486997,0.360367092677644,1.33,-0.56,0.23
259,0,3.1202647373209,6.14475951354183,7.34235802130913,0.460110517141011,0.2,-0.99,1.85
260,0,4.27059792573811,5.33548257916315,6.97265696499636,-1.11047779443903,-0.34,-0.63,0.47
261,0,0.256341112809916,4.4722581133326,7.08034055467092,0.796218729226787,-2.63,-0.43,0.99
262,0,3.80610779106746,3.02423629751634,4.85678444504892,-0.502304979497861,2.33,-0.16,0.89
263,0,6.86996483604434,6.43011682978297,7.76381353344594,1.5683724205784,0.51,-0.86,1.37
264,0,5.84823040168197,3.84524603663678,3.11472206107671,1.46519399440986,0.2,-1.19,-1.42
265,0,6.95833820597723,2.12093159955924,6.11551770601185,-0.573669295575139,0.25,-0.73,1.06
266,0,2.28206483793829,0.360973169255979,5.05316796014269,0.622051127060787,0.12,-0.67,1.92
267,0,7.73939754019155,8.57419953249299,7.55591228344738,-0.811822306860295,0.95,0.05,-0.12
268,0,3.45853135473206,3.9939780909188,5.74515417710349,0.0858463661854509,0.19,-0.03,1.1
269,0,7.23596755392969,6.54046042987309,7.63664701789847,-0.661176636355868,0.71,0.33,0.16
270,0,3.90082908366355,2.26928212397729,6.57144980864931,0.501363630465636,0.51,-1.39,0.23
271,0,5.69865901298095,3.58782860814829,6.23112298241739,-1.32023516210245,1.6,0.08,-0.07
272,0,3.97786848150549,3.23017821580672,8.83461882059178,-1.19597503393196,-0.13,-0.34,0.82
273,0,4.73664556573823,5.92387859948992,8.12779635708369,-1.59199583002394,-0.07,-1.06,0.61
274,0,6.16612454112361,5.74344131654844,5.0269342046521,0.463045399116532,0.7,0.16,-2.42
275,0,2.81706279242107,0.63050560833889,2.64534935812662,0.0954167464673388,0.32,-1.01,-1.48
276,0,7.14047796147945,4.04055077942064,10.071133086065,0.122796941704271,1.02,-0.91,0.77
277,0,4.27866500899468,4.29515906141147,5.1667638584109,-0.243354839793632,-0.48,0.88,-0.99
278,0,-1.79067128489013,5.43221354986315,5.90640003517679,1.9572550392869,0.26,0.72,0.34
279,0,3.84486515475717,4.16448740230821,8.44169149313839,-0.283600423967188,1.27,1.05,0.77
280,0,6.16354173573363,4.7067112133024,7.45944954825513,0.460539028527219,0.67,-3.04,0.29
281,0,4.04112188952019,6.38837649643706,7.40015835290558,-0.0833494040170942,-1.11,-1.03,0.09
282,0,5.09698918188689,7.71402812937277,7.10292514107024,1.5566110768829,-0.69,1.1,0.22
283,0,3.60829653735926,4.19885946487197,8.17743459244625,2.11053339740071,-0.87,1.51,-0.31
284,0,4.93142121035259,3.34169136353202,3.38686278816836,0.825264619449387,2.97,-0.26,-0.24
285,0,1.084699008693,4.64536592680701,4.81357369242676,-0.197467712359831,-0.85,-0.2,0.7
286,0,3.7745238785431,6.00051600107113,7.18053135868572,-1.50655654925049,0.24,-0.81,0.79
287,0,0.389285916152119,4.40094943426633,6.32912705014977,0.58638397911465,-0.33,0.92,-0.52
288,0,0.307206821137516,6.65458878906042,8.22045630275178,0.307041204466006,-1.61,0.31,1.35
289,0,6.18297647233502,6.76473216464448,4.61249049359361,0.457213931424438,1.05,1.48,-0.38
290,0,4.34969809600127,1.02008374437876,5.46709066869646,0.75120677059165,-0.22,-0.86,-0.72
291,0,3.68128741109767,5.53451796410948,5.61570051887625,1.20518353949627,0.9,0.96,1.06
292,0,5.14314537431959,5.18604402006349,5.42610889491445,-0.942012763842369,-0.54,-1.89,-1.14
293,0,3.79819193850208,4.69913180723567,3.6851718839393,-0.0240443871750991,-0.12,-1.18,-1.74
294,0,0.446929004547334,2.69102680866764,7.21793675062221,-0.630754426507448,-1.31,-0.92,-0.53
295,0,3.67228244424872,3.31704357467968,5.1789617626711,0.682119782014272,-0.13,-0.24,0.34
296,0,2.24776056451495,5.55915335315169,6.76466490234047,0.576824552008845,-1.31,-0.7,-0.96
297,0,2.41474385917967,4.93363289100161,4.52045412239481,1.46521984370263,-0.79,-0.25,0.2
298,0,5.21019272458673,9.86713830036266,7.75462951277076,0.0224380105222634,-0.59,1.57,-0.62
299,0,4.77350348982648,5.65880076036854,5.0509564083022,0.471353548301886,1.97,-0.17,-0.16
300,0,4.12780399566539,5.46368935805565,6.10837296507452,-0.0571749262536207,0.83,0.01,0.56
301,0,2.84346847133518,2.48087977235399,4.12682137388452,0.362122656556155,1.03,0.65,-0.37
302,0,3.30051418063807,3.59131718227257,4.4247925926934,-1.06582595347408,-0.25,-1.18,-0.82
303,0,7.69882857583953,8.26180883797999,11.507900383112,-0.747279369328099,-0.4,-0.16,0.89
304,0,2.72811666084247,4.56577619975997,4.77857564671357,-1.61470499272499,0.45,0.84,-0.43
305,0,7.33759129429446,5.50233423007297,8.45954632597658,-0.331528134450208,0.33,0.1,0.14
306,0,-1.82127454574452,4.43641359371576,5.32631407814863,-0.750388582550025,-1.07,0.37,0.46
307,0,6.43040983813815,6.55754861169498,8.28880710448261,-0.35971550312592,0.79,-0.57,-0.03
308,0,3.86225525087423,5.74431092613908,8.46040567543186,0.564708443602961,-0.47,0.43,-0.74
309,0,3.31474312529039,3.7488546437351,6.43515083280886,3.05504267006028,1.72,-0.34,0.52
310,0,1.53320116427586,2.09146997994118,5.25740711704087,0.524279827434348,-1,-0.51,-0.38
311,0,3.15908738848254,1.87536909720232,4.76817913479322,0.224556437247867,0.55,-0.7,-0.2
312,0,1.98446018936514,10.6706036490293,5.77048759502041,0.73771790621991,-0.47,-0.12,-0.76
313,0,3.44437860710654,3.89214256137366,4.77022921457377,0.104144624392267,0.62,-0.47,1.25
314,0,7.41295942345199,5.10447621285824,9.50395517310004,0.624090174062283,0.68,-0.91,0.14
315,0,3.72690363178534,4.47893335105956,4.30065922308933,1.11350878062396,0.34,0.32,0.05
316,0,4.62190706198181,4.33796888406291,6.10280146686695,0.156711672443325,0.39,-0.35,-0.05
317,0,2.72970589260305,4.37700183142978,7.46524250060305,-0.359501960862942,-0.76,0.54,0.7
318,0,3.54558378585025,6.31338245380212,6.50609045195121,0.468956715244606,0.33,0.09,0.77
319,0,4.6843266749683,4.00486452799041,6.20583208514468,-1.4312951552334,0.77,-0.78,-0.8
320,0,4.20996420176907,4.65057109598523,6.47665133241339,-0.547414492530781,0.71,-1,-0.79
321,0,2.58011512782429,6.39591485985902,5.98034652644582,-0.0265150363578961,-0.73,0.34,0.33
322,0,4.0054086643117,4.56187182522416,4.72902730772994,0.673041911897745,-0.02,-1.27,-0.76
323,0,7.22947935765244,6.40927188845312,6.26180573106071,0.615463432755265,-0.17,0.7,-0.99
324,0,4.68821220811427,3.61378954544751,9.74091664164959,-0.83593773952309,-1.03,-0.71,1.39
325,0,4.61176248335159,7.1629135548544,8.44791660383607,0.985586321383424,-0.9,0.61,-0.36
326,0,2.22293448820466,3.03995322589322,2.76670513263895,0.540411536663953,-0.45,0.56,-0.01
327,0,1.86502752218774,5.25757575134953,5.52168699590871,-0.0478681767461879,-0.14,0.63,0.35
328,0,0.518309999245678,4.82948216273457,6.92005036302854,-0.718502337260279,-0.37,-1.08,-0.55
329,0,3.32834896923888,8.81156577631151,6.55831459560208,0.772255368695351,-0.43,1.19,2.5
330,0,1.77560922718297,6.28801814143783,2.72995010054026,-0.635819470340714,-0.77,0.23,-0.08
331,0,7.97148420713216,6.26485028430753,9.70723785239638,1.16746629652064,0.03,-1.25,1.07
332,0,3.52220437613385,5.34679970136675,2.14876340444329,-0.709662776978226,0.76,0.7,0.01
333,0,4.20775147566353,7.02459833533321,9.17550544784223,-0.346348273910362,-0.01,-0.4,1.34
334,0,5.54446494007497,4.35803887513051,6.00660256634633,-0.175625108736777,-0.5,-1.12,-0.2
335,0,-1.25125685989779,5.76123989455155,3.93877760546034,0.679658583347983,-2.82,1.06,-0.62
336,0,3.71638442263092,5.45578145661386,7.43481088081383,-0.438516166464169,0.42,0.89,2.04
337,0,4.75347830979366,3.69919063349023,5.33370355612439,-0.111863684925463,0.43,1.18,1.5
338,0,2.21383918629934,5.22268337038306,6.31164134255393,-1.28885941795277,-0.2,0.71,1.42
339,0,3.83275307885143,7.15294436456017,8.02285304401182,-1.26447567823389,0.07,0.11,1.62
340,0,4.04185553455122,5.45160512042166,4.39972012392062,-1.27171798560822,-0.98,1.15,-1.16
341,0,1.91457022508364,9.75617674250197,3.37455842474252,1.44041336472702,0.73,1.25,-1.07
342,0,4.15974404174744,2.45048012852348,4.27021532686632,-0.845540373626375,0.09,-0.27,-1.17
343,0,3.80422369023348,7.24356714788814,5.7475772080179,-0.217610218088449,1.6,-0.37,-0.27
344,0,1.91518096959384,7.92974456532454,6.06040502629105,0.748756003532189,-0.23,1.13,-0.27
345,0,3.52751044281169,6.16350012629747,3.13948396329502,0.95417331555893,1.61,0.5,0.02
346,0,2.26269787413199,7.6082798477092,1.07233974029854,1.13403537215951,0.66,2.25,-0.22
347,0,-0.892220079633324,0.843067885426448,3.88343097304242,-0.582201163258524,-0.56,-1.54,-0.78
348,0,-0.031639701642332,4.31236067155118,6.43491227409882,-1.07981078596091,-1.79,0.26,-1.15
349,0,3.40508560041099,2.86952181031616,3.42511262921969,-0.743744075586842,0.02,-0.71,0.26
350,0,7.36302962709006,6.01925965797097,7.09347850964568,0.525105698250767,0.77,0.16,0.13
351,0,4.74324277073866,2.224685590149,3.62041803091684,1.7770579303707,-0.02,-1.04,-0.23
352,0,3.17676155751381,3.22088671932718,7.53785559260219,0.66642856218742,0.5,1.31,0.57
353,0,4.91694913647633,5.05744457227278,5.28077624805927,-1.23999887381805,0.49,-0.13,0.47
354,0,2.14908855860743,5.17435795180458,5.7688124383026,-0.706838813313161,-1.7,-0.42,0.24
355,0,4.78300663589803,5.72711854757437,6.24701164166993,0.905495591038266,1.33,0.19,1.02
356,0,3.44162313732316,7.00635623868977,4.08665023269054,1.0607318016843,-0.24,1.8,-1.74
357,0,6.09443436299054,3.52757969135336,6.88869447129961,0.681119172958226,-1.66,-0.57,-0.05
358,0,4.21692696228585,6.19125995475221,2.44490692395417,0.665745790062963,-0.25,0.27,-1.71
359,0,5.69857611305758,2.29974073510323,5.35987608204103,1.50441418735875,0.24,-1.4,-0.09
360,0,1.41185776648774,5.7965596637249,8.04977699670839,0.0347628560907508,-1.61,-0.82,0.54
361,0,7.10532674119431,7.79413541669711,10.4403338297723,-1.85486662630459,0.44,-0.75,1.25
362,0,2.77738513087293,2.17450523108717,5.16168439002846,-0.994674867625107,-1.17,1.07,0.67
363,0,5.27888122115284,4.84317022461605,5.711513081303,-0.832390483930958,-0.96,-0.13,-1.52
364,0,6.93203454805684,8.04127108087583,8.4704367678017,-0.590774024647847,0.64,-0.94,1.61
365,0,4.3368944747775,3.12487815021615,7.22767966396918,-0.483530385641117,-0.6,-1.17,1.67
366,0,2.32106393259416,4.97828883971908,4.56955512938542,0.0188490047029364,0.41,0.53,-0.33
367,0,3.88566008384276,1.95048841614194,6.52373821336271,-1.22565021185717,0.31,-1.51,0.61
368,0,5.38292912531484,8.17605230484511,6.45265284751911,-0.147632504756707,1.82,1.07,0.56
369,0,4.58119406100958,2.32406764033003,6.32844409466376,-0.206477682999287,0.21,-1.43,-1.04
370,0,3.97188985299552,5.62155910073613,7.5541697460959,-0.377092779060097,-1.27,0.71,0.94
371,0,5.39804761476234,2.92702835053802,3.91517731328498,0.95774769332612,-0.16,-0.82,1.5
372,0,9.38457448088026,4.45966660290432,8.09158627528834,-1.50933166416558,1.51,-0.83,0.42
373,0,4.16303715222234,-1.07174052366421,6.40223940591111,0.169477117337759,0.09,-1.91,0.4
374,0,8.60823890170535,6.3626643370123,7.92077814882784,1.47304671851373,0.85,0.18,0.39
375,0,0.937747916030543,6.02106311871973,9.49890593706709,0.181672711238266,-0.37,-0.43,-0.23
376,0,3.98145605403356,8.44189074125412,8.75511869241681,0.473783815680031,0.64,-0.16,0.95
377,0,0.18053473117855,3.83997194947477,3.71943939731772,0.986400497424739,-0.74,0.83,-1.06
378,0,6.12228834363115,5.82473754556902,6.29500572221587,0.463510630748018,-0.19,-0.15,-0.16
379,0,3.64401902301541,3.38342672078767,3.13948897525215,0.136900007520492,-0.47,-0.66,-0.89
380,0,4.50260842169609,9.39068059006935,8.94037950744736,-1.29718278830334,-0.95,1.05,-0.26
381,0,8.81080910080247,6.44403667655425,9.50938223418026,0.032123787060863,-0.27,-0.27,0.73
382,0,2.03005712952795,4.53246122166792,7.24688452482331,0.0476856912153576,-0.45,0.7,0.51
383,0,5.67535062249148,4.87640658055981,5.16208476418433,-0.125375313838541,0.93,0.42,0.03
384,0,6.18336992403389,2.74493360495057,7.40577034772075,-0.643420679771719,1.1,-0.42,0.64
385,0,5.09703436971544,5.22906585610849,5.11421488034996,0.0702295520279829,1.28,-1.11,-0.08
386,0,1.4522197990986,3.26526839948558,3.70332237346846,-0.129216051441088,-0.22,-0.81,-1.4
387,0,0.72614696422465,4.97761217535781,3.85318503830508,0.777297230168091,-1.66,0.77,0.4
388,0,4.25552883090486,6.18984938267192,4.87520175964723,-0.110715600816142,-0.28,0.42,-0.16
389,0,0.578904477562726,3.01467901866693,4.95170987851815,0.362095667864022,0.93,-0.25,1.2
390,0,3.13767793130673,4.77272651897153,6.49573238856538,1.21350671554085,0.23,-1.3,-0.73
391,0,4.20060505390985,6.05056540405101,9.68701726208295,0.823149988709802,0.92,-0.47,0.58
392,0,3.21691509515682,5.01892199272105,4.08591870329341,1.24796771089896,-0.17,0.64,-0.49
393,0,3.8175247008464,6.76143691499983,2.8054958216533,0.188970116544804,-0.26,0.69,-1.23
394,0,5.33531618575916,4.39971465224049,6.70779933282373,1.96087122301416,0.93,-1.05,-0.03
395,0,7.3356080928802,5.69707994667496,9.33744216775198,-0.437242570960529,-0.61,-0.1,-0.11
396,0,3.30263985300238,2.45842929372373,6.00219471456522,-0.681115340027223,0.46,-0.63,1.82
397,0,6.53805886123567,4.36979806536153,7.49669226167381,-0.175419199133921,1.84,0.15,0.17
398,0,3.96464195176577,8.93841753385376,5.62232348391034,-0.953613865556206,-1.34,0.23,0.38
399,0,-0.271511846534894,7.22914530341925,7.95453106654329,-0.915961734331462,-2.02,0.37,0.52
400,0,4.18325680712041,8.33393366459778,5.28540779007396,-0.291536442221272,-0.39,-0.08,0
401,0,2.32926843939876,6.15689911967993,6.31762697272958,-0.268836071957111,0.45,1.29,0.18
402,0,2.43814791534837,6.20738196894317,5.6377611580117,0.274781676556335,-0.16,2.39,1.38
403,0,3.82951869080332,6.47690534400744,7.3810824801249,-0.290161554141807,-0.26,1.1,-0.61
404,0,5.90278122702461,8.29113757852284,5.52935997458815,-0.563433563954749,0.33,0.15,-0.5
405,0,3.32871401142302,4.07823979535061,8.73431863033577,1.10738509577165,0.6,-1.16,-0.29
406,0,7.35159228847536,6.68451404259139,4.32692147502498,-1.54901441180134,1.99,-0.47,-0.54
407,0,4.03877542816797,4.404636463634,4.8228221287954,-1.12223459977237,-1.37,-0.87,-1.5
408,0,2.0663543475201,4.93739311719488,4.06528645563648,-0.528370596951622,-1.78,1.22,-0.67
409,0,1.4130591393372,9.96954383392918,7.00032795325066,-0.702325329993595,-1.67,0.92,-1.85
410,0,3.70523803153315,3.4286868965078,7.59176546259386,1.09651439990743,-1.12,0.06,-0.93
411,0,7.00006847934391,7.72814851790746,3.84404803147989,0.983001935859528,-0.02,0.78,-1.3
412,0,2.70885424735023,2.95349983418,5.58635343025589,-0.00952461496095582,0.1,0.48,-0.42
413,0,8.8650845473474,4.87091076601361,6.84093119629096,0.359814049529154,1.49,-0.67,1.05
414,0,3.7363775883283,3.50816036112734,1.19427290775105,0.816033698470435,-1.57,-0.26,-0.85
415,0,1.52173964587688,2.99155434120824,6.99508039991275,-0.623702509530767,-1.35,0.01,-0.14
416,0,5.23514578056913,5.21378084483811,3.98191165772242,0.298594312711456,0.38,0.37,-2.25
417,0,5.93627388922956,5.1867361326111,3.18557978594605,0.715201232372864,1.38,-0.55,-0.76
418,0,4.82781968507291,5.11698750167149,5.43428248150417,-1.97639402054435,0.92,-0.15,1.87
419,0,2.09991891965296,5.90396186151608,7.17857642202577,0.389578482569813,-0.63,0.51,-0.09
420,0,4.46500756266648,7.80800838406181,6.36185258989022,1.04067706388596,0.01,0.76,-0.51
421,0,6.8721386067775,5.26915064807888,7.60532695787706,-0.889591458367649,0.75,-1.25,-0.19
422,0,4.97983379197049,6.43845655770381,8.3715278300193,-0.811854879342805,0.86,-0.84,-0.09
423,0,6.32465340830045,5.90825609771389,11.3397761416272,1.35282617334952,0.38,-0.63,2.51
424,0,4.136003791124,7.00614411966941,7.48338740209151,-1.6565800458475,-1.29,-0.93,-1.53
425,0,3.66880213104011,4.60537642031208,6.01866998353271,-0.987112557206028,-0.61,0.71,0.44
426,0,2.04021399100178,5.40857944198481,4.43410009154353,-2.01552026402299,-0.18,-0.44,0.51
427,0,5.28647835761657,2.90836039309405,6.10778352688019,-1.25672282896244,0.36,-1.98,0.16
428,0,0.817562699863935,0.476136743568532,6.76262450655111,-0.455251473528322,-0.84,-1.68,-0.01
429,0,3.07303743278538,6.23278547960604,8.08270352854876,-0.517328283073059,0.33,-1.32,1.14
430,0,0.65123402500156,2.55617368107213,4.63912475102782,-0.310480032295288,-1.26,-1.1,0.53
431,0,5.40557875714289,8.8620899781049,5.62250644873023,-0.0876463629078767,1.22,0.62,0.4
432,0,0.455224772021524,4.42593435239735,6.25344385085435,-2.10030281570922,-1.12,-0.37,0.15
433,0,5.12294055340343,5.93368830585342,7.86500495474347,0.450884891527761,-0.44,-1.53,-0.14
434,0,3.30369519143482,2.55035121367377,3.51039643858245,-0.537690341174613,0.55,-1.03,-0.6
435,0,4.29661141666111,4.72242754350769,5.59339737519123,1.26082874036109,0.34,1.09,0.58
436,0,2.91897492702572,4.0556046383551,1.72338661425941,0.0637967642725703,0.91,0.68,-1.06
437,0,3.40960216681336,6.39522617313723,5.61624702027146,-0.980183136662051,-0.65,-0.56,-0.84
438,0,3.56318077185478,2.02041981408405,2.07988149165834,-0.950422118081237,1.41,-0.82,-1.4
439,0,3.20439379899677,2.45121318858756,8.30037401415574,-0.108445593525927,0.39,-1.43,1.69
440,0,5.30341332262426,4.26127923169144,2.68291601782739,1.96409999289528,1.08,0.44,-1.64
441,0,4.97378271092958,3.62868842011337,4.09206172566321,0.188762269256138,0.06,-1.1,-0.97
442,0,3.9926265081936,2.99736527215776,5.91863759818946,-0.208759624834188,0.38,-1.48,-1.57
443,0,1.7791513027578,4.43266635234742,4.42159056715564,-1.05018028468495,-2.38,-0.55,0.7
444,0,5.42349675601909,2.05507847539868,5.42684463909792,0.859936098642474,1.17,0.94,0.89
445,0,0.316865294253839,4.75194039626541,4.79540505408186,-0.949096398409261,-0.09,0.19,-1.11
446,0,3.42042939351138,4.12134024718316,4.43823749024824,-0.231926597750871,0.11,-0.56,-1.12
447,0,4.83286404955814,3.86797943031036,4.46901332002716,1.37686436931969,-0.03,-1.29,1.42
448,0,2.73269848745445,3.60959446023037,9.06727873090561,-1.34062773239883,-1.89,-2.45,-0.63
449,0,3.20786904333913,5.5491282745874,8.42522324324156,-0.8368904161973,0.04,1.19,0.5
450,0,5.27935356427767,4.14370513175839,7.95189004786476,-0.577955342190282,-0.5,-0.75,1.01
451,0,3.50151952675564,1.89416655026638,3.43628899440409,0.658805744830168,0.68,0.28,0.99
452,0,1.8879150516,2.16133866501117,6.48214771980593,0.0959933625588535,0.17,-1.41,1.42
453,0,3.54066931381549,1.45181872047474,4.00308922988722,-1.36697197312233,-0.59,-0.75,0.38
454,0,3.48482138387441,6.32814227005648,5.3839118177329,-0.0613636390905801,-1.76,0.68,0.87
455,0,4.70604085790675,2.19799189672905,5.80126741743412,-0.715228799120729,-0.5,-1.03,-0.71
456,0,5.52710878237108,5.06001864348603,6.7613790910904,0.551134329845905,-0.9,-0.5,-0.11
457,0,3.18111067185823,4.04295093542965,4.17058083934581,0.285757073874604,-0.8,-0.92,-0.03
458,0,5.19974208309426,5.7438533110295,5.526961361297,-0.207165966153096,1.71,0.33,0.06
459,0,2.87768972939875,8.46528295339393,8.26947050831571,1.02633638297728,-2.33,1.72,0.27
460,0,2.33755168430797,5.35244967860911,9.34874097348204,0.893140294100969,-1,-0.89,1.78
461,0,4.71549714235229,4.48954329996912,9.04824442649522,-1.78980197518899,0.54,-2.24,0.8
462,0,4.12771283584446,4.07719320698709,4.49537058637354,0.207433850611688,0.65,-1.78,-0.58
463,0,5.62638332862189,5.72656054491492,7.1252147690844,-1.30300556656339,1.57,-0.58,1.1
464,0,4.29574433805806,6.0013071782024,5.27411913832166,-0.50877655590779,-0.5,1.17,-1.76
465,0,5.13328163512801,4.41861198545036,8.15417307175827,0.450152482994422,-0.52,-1.37,-0.53
466,0,3.20095808694163,5.04194538048238,8.20515129979752,-0.0757627559266839,1.33,-0.59,2.05
467,0,4.45895209001409,7.09445473529833,8.75245000070684,0.679399645754016,-0.8,-2.1,0.91
468,0,5.59803523400331,5.01453067570397,8.34214422017719,-0.337298868755061,-0.7,-0.01,-0.05
469,0,2.65259956687737,5.67367479825324,6.03920894220216,-2.27906379363962,-0.1,1.23,-0.82
470,0,5.76010311515612,7.30741873466734,8.28887222274343,-0.599865489650259,0.72,0.07,0.83
471,0,4.50711595555508,5.74915840639741,7.88333738163213,1.52362475075408,-0.27,-1.41,1.11
472,0,-0.390322629666525,4.93341218994249,5.31443078804187,0.400940304881163,-0.57,-2.09,-0.34
473,0,4.69766766381092,3.03898687203737,4.61907877638215,-0.716482778410357,0.03,-1.73,-0.48
474,0,5.17965018104172,5.8653500716616,8.46201565253412,-1.72048721196036,0.24,1.42,-0.5
475,0,7.00372649214614,9.22306541847937,6.56450176151312,1.00448626727963,0,1.67,-1.01
476,0,3.40515323014478,2.24669182883695,4.87174315611793,-1.04877325579963,-0.22,-1.62,-0.86
477,0,6.00475645347234,6.14965886350692,7.16360862598286,-0.893271296668711,0.41,-0.43,-0.72
478,0,0.546881232250041,3.20622113258179,8.43641853034079,0.689838872452913,-1.34,-1.18,0.91
479,0,4.6855012463538,5.32492725080108,7.375903067812,1.60064760333019,0.13,-0.54,0.38
480,0,5.05717024133383,7.78511077209371,9.40090619183935,0.188068222318618,-0.72,-0.25,-0.34
481,0,5.90663036711782,6.3933025338366,7.15222828185476,0.734236027484386,-0.63,-1.07,0.64
482,0,6.6812944070245,4.81240284896831,5.96046891307429,-0.435573995516655,-0.44,-0.76,-0.53
483,0,5.24582805443934,5.21190281844405,8.13185094396463,-0.66463090113349,-0.32,-0.78,1.19
484,0,4.91875343511187,8.63139743147664,7.40794994149111,1.81224510397524,0.01,1.56,-0.65
485,0,6.31365439600117,6.99208004913902,9.0427512727341,1.11095744197635,0.11,0.4,0.16
486,0,4.78620782415446,3.25148236323624,5.80228415136671,1.09839750921177,0.87,-0.92,-0.19
487,0,4.40887876674755,5.91334934443933,8.58214402156221,1.38302581427887,-0.71,-0.09,1.97
488,0,3.89951802622807,7.28688655325787,7.80378405828841,1.0292668984302,-0.72,0.06,0.17
489,0,3.77290078868688,5.41902150812115,7.31028337350496,0.545018826196551,-0.14,-0.62,0.01
490,0,3.17771269328166,4.01887556755197,3.46044778681803,1.0867021445796,0.4,-0.18,-0.53
491,0,2.61444802164012,4.25917156150076,4.3529722572956,-0.438061584934243,0.26,0.41,-0.79
492,0,1.5654725897805,2.88554437794666,6.63104215904433,0.0732638465259384,0.48,-0.42,0.25
493,0,7.00622850051892,11.408443297083,4.18702833450539,-1.50539450754157,1.99,1.12,-0.07
494,0,2.69796465503191,3.90080114657225,5.06879703639271,-0.598551095625935,0.81,-0.5,-0.68
495,0,0.768211491832673,5.90182644862374,7.69350311892132,0.439905376821379,-0.47,0.68,-1.07
496,0,5.29429018821505,4.2113288418323,5.36164285858031,-1.84100614352089,-0.06,0.43,0.54
497,0,4.61310080691627,6.512832888017,4.72704802839522,0.0417676883669976,0.34,1.08,-0.71
498,0,2.67546658107419,3.07559462397455,6.42625740158503,-0.590909492243614,0.17,-0.66,-0.85
499,0,3.79066528613479,7.52296806640211,8.51793417148537,0.0497883573576762,-0.86,-0.25,0.12
500,0,7.79716897920639,4.00237092584804,7.8383606623962,-0.398041364478361,0.85,-1.2,-0.54
